Voltage,Current,Temperature,Condition,Time
-0.130150407,3.16591e-05,31.5,DARK,0
-0.122745571,2.9354e-05,31.5,DARK,1
-0.122134993,2.71552e-05,31.5,DARK,2
-0.122620627,2.48566e-05,31.5,DARK,3
-0.1111179,2.25993e-05,31.5,DARK,4
-0.109381603,2.0384e-05,31.5,DARK,5
-0.108398678,1.8169e-05,31.5,DARK,6
-0.097117844,1.58135e-05,31.5,DARK,7
-0.092547547,1.36655e-05,31.5,DARK,8
-0.093966076,1.13393e-05,31.5,DARK,9
-0.0787668,1.13393e-05,31.5,DARK,10
-0.064120316,3.37267e-06,31.5,DARK,11
-0.067438069,1.73e-06,31.5,DARK,12
-0.063138317,6.21022e-07,31.5,DARK,13
-0.0606033,-4.20511e-07,31.5,DARK,14
-0.06252694,-1.43764e-06,31.5,DARK,15
-0.06200539,-2.45524e-06,31.5,DARK,16
-0.060559533,-3.46918e-06,31.5,DARK,17
-0.055606487,-4.50693e-06,31.5,DARK,18
-0.056445173,-5.53202e-06,31.5,DARK,19
-0.053769302,-6.54011e-06,31.5,DARK,20
-0.051407744,-7.5984e-06,31.5,DARK,21
-0.047777829,-8.61016e-06,31.5,DARK,22
-0.047099706,-9.69033e-06,31.5,DARK,23
-0.049266054,-1.0757e-05,31.5,DARK,24
-0.042550936,-1.1789e-05,31.5,DARK,25
-0.042518045,-1.28447e-05,31.5,DARK,26
-0.038210157,-1.28447e-05,31.5,DARK,27
-0.006930326,-3.19894e-05,31.5,DARK,28
0.00656509,-3.42226e-05,31.5,DARK,29
0.009903503,-3.66573e-05,31.5,DARK,30
0.009105646,-3.9008e-05,31.5,DARK,31
0.015162272,-4.1393e-05,31.5,DARK,32
0.024916066,-4.38064e-05,31.5,DARK,33
0.023297027,-4.65146e-05,31.5,DARK,34
0.026353076,-4.92614e-05,31.5,DARK,35
0.037482502,-5.20827e-05,31.5,DARK,36
0.0344704,-5.49542e-05,31.5,DARK,37
0.041216607,-5.80778e-05,31.5,DARK,38
0.0529987,-6.13521e-05,31.5,DARK,39
0.053420322,-6.47802e-05,31.5,DARK,40
0.049201076,-6.8538e-05,31.5,DARK,41
0.057938275,-7.25242e-05,31.5,DARK,42
0.066726314,-7.68087e-05,31.5,DARK,43
0.064376738,-8.15864e-05,31.5,DARK,44
0.06449878,-8.67276e-05,31.5,DARK,45
0.069479625,-9.19998e-05,31.5,DARK,46
0.081941084,-9.80651e-05,31.5,DARK,47
0.078293325,-0.00010442,31.5,DARK,48
0.078013914,-0.0001113,31.5,DARK,49
0.083336694,-0.00011845,31.5,DARK,50
0.088644354,-0.000126114,31.5,DARK,51
0.091819488,-0.000133798,31.5,DARK,52
0.091728437,-0.000142467,31.5,DARK,53
0.096194751,-0.000151146,31.5,DARK,54
0.097889779,-0.000160357,31.5,DARK,55
0.096797027,-0.000169738,31.5,DARK,56
0.102571224,-0.000169738,31.5,DARK,57
0.147840235,-0.000502075,31.5,DARK,58
0.153352482,-0.000556661,31.5,DARK,59
0.154482247,-0.000613655,31.5,DARK,60
0.152271699,-0.000677906,31.5,DARK,61
0.157599017,-0.000744109,31.5,DARK,62
0.1681495,-0.000815988,31.5,DARK,63
0.168991869,-0.000887361,31.5,DARK,64
0.16404103,-0.00096764,31.5,DARK,65
0.168866972,-0.001048138,31.5,DARK,66
0.174147817,-0.001134799,31.5,DARK,67
0.18045587,-0.001218441,31.5,DARK,68
0.179605917,-0.00130354,31.5,DARK,69
0.18233101,-0.001396403,31.5,DARK,70
0.183479957,-0.001488219,31.5,DARK,71
0.179859845,-0.001582159,31.5,DARK,72
0.182097665,-0.00167941,31.5,DARK,73
0.190831379,-0.00167941,31.5,DARK,74
0.242584243,-0.00527891,31.5,DARK,75
0.236425684,-0.005718576,31.5,DARK,76
0.24299378,-0.006175874,31.5,DARK,77
0.251712777,-0.006642964,31.5,DARK,78
0.250752419,-0.007149662,31.5,DARK,79
0.253910951,-0.007651503,31.5,DARK,80
0.263241188,-0.008156301,31.5,DARK,81
0.269883788,-0.00870421,31.5,DARK,82
0.270360381,-0.009260016,31.5,DARK,83
0.270398917,-0.009825328,31.5,DARK,84
0.276849892,-0.01040536,31.5,DARK,85
0.282792264,-0.011004848,31.5,DARK,86
0.279672518,-0.01164777,31.5,DARK,87
0.280938983,-0.01223517,31.5,DARK,88
0.293476109,-0.012866406,31.5,DARK,89
0.297601497,-0.013507888,31.5,DARK,90
0.293973421,-0.014159508,31.5,DARK,91
0.297143024,-0.014804679,31.5,DARK,92
0.30032004,-0.015477642,31.5,DARK,93
0.312733411,-0.016146598,31.5,DARK,94
0.307832958,-0.016830025,31.5,DARK,95
0.313642533,-0.017528319,31.5,DARK,96
0.314500811,-0.017528319,31.5,DARK,97
0.372592765,-0.02906613,31.5,DARK,98
0.381720124,-0.030394341,31.5,DARK,99
0.380509584,-0.031746313,31.5,DARK,100
0.388241774,-0.0331154,31.5,DARK,101
0.395754135,-0.034499837,31.5,DARK,102
0.397377576,-0.035919412,31.5,DARK,103
0.402971092,-0.037403353,31.5,DARK,104
0.415274445,-0.038831527,31.5,DARK,105
0.40978849,-0.040330146,31.5,DARK,106
0.413800128,-0.041851565,31.5,DARK,107
0.422761462,-0.043361914,31.5,DARK,108
0.429832288,-0.044957845,31.5,DARK,109
0.43070309,-0.046515115,31.5,DARK,110
0.442948985,-0.048075195,31.5,DARK,111
0.439025237,-0.049716444,31.5,DARK,112
0.450391401,-0.05134005,31.5,DARK,113
0.455991958,-0.052931,31.5,DARK,114
0.454604671,-0.05465485,31.5,DARK,115
0.462580017,-0.056370312,31.5,DARK,116
0.472458368,-0.058019585,31.5,DARK,117
0.467297339,-0.05971671,31.5,DARK,118
0.480869707,-0.061459733,31.5,DARK,119
0.48098402,-0.063215978,31.5,DARK,120
0.485157006,-0.064966846,31.5,DARK,121
-0.208629498,0.098677927,31.5,LIGHT,0
-0.214306872,0.099074796,31.5,LIGHT,1
-0.19343744,0.099719698,31.5,LIGHT,2
-0.191765082,0.099470881,31.5,LIGHT,3
-0.190332866,0.099292595,31.5,LIGHT,4
-0.17048086,0.098760256,31.5,LIGHT,5
-0.176821079,0.098622523,31.5,LIGHT,6
-0.161986897,0.097912594,31.5,LIGHT,7
-0.155874721,0.098526612,31.5,LIGHT,8
-0.146440786,0.099129121,31.5,LIGHT,9
-0.137576289,0.09856171,31.5,LIGHT,10
-0.127546632,0.097963486,31.5,LIGHT,11
-0.128062198,0.097529614,31.5,LIGHT,12
-0.109903014,0.098016084,31.5,LIGHT,13
-0.110104677,0.097423463,31.5,LIGHT,14
-0.109623578,0.097070022,31.5,LIGHT,15
-0.090664902,0.097709414,31.5,LIGHT,16
-0.092486628,0.097696691,31.5,LIGHT,17
-0.078756752,0.097514831,31.5,LIGHT,18
-0.074722236,0.097259833,31.5,LIGHT,19
-0.069080605,0.097567965,31.5,LIGHT,20
-0.052742036,0.096478176,31.5,LIGHT,21
-0.051869862,0.095855153,31.5,LIGHT,22
-0.048296329,0.095523374,31.5,LIGHT,23
-0.026858705,0.09545318,31.5,LIGHT,24
-0.031806314,0.095314498,31.5,LIGHT,25
-0.0246278,0.095790391,31.5,LIGHT,26
-0.010568526,0.094971892,31.5,LIGHT,27
-0.010937818,0.095662542,31.5,LIGHT,28
0.000145754,0.095642447,31.5,LIGHT,29
0.016532668,0.095022217,31.5,LIGHT,30
0.01188945,0.093994599,31.5,LIGHT,31
0.030940372,0.093921172,31.5,LIGHT,32
0.032506769,0.093716522,31.5,LIGHT,33
0.032721502,0.093722262,31.5,LIGHT,34
0.046900045,0.09327515,31.5,LIGHT,35
0.053153004,0.093351951,31.5,LIGHT,36
0.062965865,0.093931374,31.5,LIGHT,37
0.073127983,0.0925959,31.5,LIGHT,38
0.075451121,0.091787885,31.5,LIGHT,39
0.087017793,0.091379917,31.5,LIGHT,40
0.099307962,0.091038262,31.5,LIGHT,41
0.091288717,0.090971481,31.5,LIGHT,42
0.107501449,0.090152802,31.5,LIGHT,43
0.117444875,0.090399909,31.5,LIGHT,44
0.1172475,0.089284111,31.5,LIGHT,45
0.129795221,0.088393715,31.5,LIGHT,46
0.13401016,0.088030904,31.5,LIGHT,47
0.13878917,0.086705486,31.5,LIGHT,48
0.155924739,0.085174681,31.5,LIGHT,49
0.155200542,0.084717488,31.5,LIGHT,50
0.166914301,0.083742598,31.5,LIGHT,51
0.17901283,0.082121714,31.5,LIGHT,52
0.172716873,0.081383193,31.5,LIGHT,53
0.193199045,0.079898447,31.5,LIGHT,54
0.201215238,0.078731839,31.5,LIGHT,55
0.195453858,0.077192756,31.5,LIGHT,56
0.211080325,0.075568552,31.5,LIGHT,57
0.213288577,0.073809859,31.5,LIGHT,58
0.225155309,0.072918012,31.5,LIGHT,59
0.232555782,0.069578663,31.5,LIGHT,60
0.243098525,0.068542528,31.5,LIGHT,61
0.240285197,0.066478919,31.5,LIGHT,62
0.257928114,0.063875433,31.5,LIGHT,63
0.260725029,0.062362556,31.5,LIGHT,64
0.271724278,0.059151189,31.5,LIGHT,65
0.279059191,0.05603376,31.5,LIGHT,66
0.279876143,0.054425671,31.5,LIGHT,67
0.291106142,0.05249664,31.5,LIGHT,68
0.332170203,0.031217203,31.5,LIGHT,69
0.337742135,0.028258725,31.5,LIGHT,70
0.340919818,0.0267971,31.5,LIGHT,71
0.339571505,0.025098009,31.5,LIGHT,72
0.345212079,0.022618414,31.5,LIGHT,73
0.364098491,0.0188187,31.5,LIGHT,74
0.364299736,0.017111825,31.5,LIGHT,75
0.359168363,0.015506621,31.5,LIGHT,76
0.359319449,0.013509473,31.5,LIGHT,77
0.372401097,0.009725282,31.5,LIGHT,78
0.386327284,0.006929685,31.5,LIGHT,79
0.383983884,0.005146542,31.5,LIGHT,80
0.386371971,0.005091393,31.5,LIGHT,81
0.388439438,0.00451957,31.5,LIGHT,82
0.386009919,0.001398139,31.5,LIGHT,83
0.384044794,0.001361475,31.5,LIGHT,84
0.384843895,0.001268454,31.5,LIGHT,85
0.377837224,0.001267333,31.5,LIGHT,86
0.383626256,0.001191853,31.5,LIGHT,87
0.387068346,0.001189902,31.5,LIGHT,88
0.382551121,0.001113054,31.5,LIGHT,89
0.384227841,0.001034478,31.5,LIGHT,90
0.381258126,0.000960849,31.5,LIGHT,91
0.39947517,-0.005616458,31.5,LIGHT,92
0.400014282,-0.005952474,31.5,LIGHT,93
0.401211288,-0.005933403,31.5,LIGHT,94
0.448881999,-0.032346048,31.5,LIGHT,95
0.448687677,-0.035478801,31.5,LIGHT,96
0.463253929,-0.03961294,31.5,LIGHT,97
0.463565196,-0.041790094,31.5,LIGHT,98
0.46408221,-0.043589505,31.5,LIGHT,99
0.463558553,-0.045705553,31.5,LIGHT,100
0.471352803,-0.049102485,31.5,LIGHT,101
0.486376938,-0.05303634,31.5,LIGHT,102
0.487738971,-0.055160982,31.5,LIGHT,103
0.484528968,-0.057080322,31.5,LIGHT,104
0.484113088,-0.057163115,31.5,LIGHT,105
0.564842244,-0.1069319,31.5,LIGHT,106
0.564156984,-0.110783649,31.5,LIGHT,107
0.589206192,-0.118287129,31.5,LIGHT,108
0.586054474,-0.12223879,31.5,LIGHT,109
0.58949174,-0.126344294,31.5,LIGHT,110
0.607349454,-0.134312828,31.5,LIGHT,111
0.612590948,-0.138277497,31.5,LIGHT,112
0.609029617,-0.142630993,31.5,LIGHT,113
0.631521513,-0.150729427,31.5,LIGHT,114
0.629237251,-0.154989913,31.5,LIGHT,115
0.632345225,-0.15991996,31.5,LIGHT,116
0.645080356,-0.168289317,31.5,LIGHT,117
0.647692457,-0.172491276,31.5,LIGHT,118
0.648977465,-0.177731772,31.5,LIGHT,119
0.672437888,-0.186552083,31.5,LIGHT,120
0.670748563,-0.190852846,31.5,LIGHT,121
0.676180045,-0.196824557,31.5,LIGHT,122
0.688023128,-0.206192689,31.5,LIGHT,123
0.691424426,-0.210558261,31.5,LIGHT,124
0.691980398,-0.217188662,31.5,LIGHT,125
-0.121070143,7.73896e-05,50.0,DARK,0
-0.116574529,7.17607e-05,50.0,DARK,1
-0.108862139,6.58142e-05,50.0,DARK,2
-0.109365196,5.9851e-05,50.0,DARK,3
-0.104653794,5.43145e-05,50.0,DARK,4
-0.09893536,4.89815e-05,50.0,DARK,5
-0.090665199,4.36837e-05,50.0,DARK,6
-0.091713793,3.79847e-05,50.0,DARK,7
-0.093979037,3.23515e-05,50.0,DARK,8
-0.088210304,2.6575e-05,50.0,DARK,9
-0.078108144,2.10098e-05,50.0,DARK,10
-0.07947603,1.54091e-05,50.0,DARK,11
-0.079247424,1.54091e-05,50.0,DARK,12
-0.06418847,9.66024e-07,50.0,DARK,13
-0.065259159,-6.99071e-07,50.0,DARK,14
-0.063551569,-2.19257e-06,50.0,DARK,15
-0.064298406,-3.64795e-06,50.0,DARK,16
-0.064679949,-5.13571e-06,50.0,DARK,17
-0.06011117,-6.62752e-06,50.0,DARK,18
-0.066139069,-8.09131e-06,50.0,DARK,19
-0.061767422,-9.57031e-06,50.0,DARK,20
-0.06202959,-1.1135e-05,50.0,DARK,21
-0.064912263,-1.26407e-05,50.0,DARK,22
-0.06216895,-1.42363e-05,50.0,DARK,23
-0.063261558,-1.42363e-05,50.0,DARK,24
-0.027544702,-6.38053e-05,50.0,DARK,25
-0.023205037,-6.93719e-05,50.0,DARK,26
-0.018343775,-7.47697e-05,50.0,DARK,27
-0.021310469,-8.06953e-05,50.0,DARK,28
-0.010569242,-8.61521e-05,50.0,DARK,29
-0.005258686,-9.19415e-05,50.0,DARK,30
-0.003084297,-9.73549e-05,50.0,DARK,31
-0.00247725,-0.00010318,50.0,DARK,32
-0.001117382,-0.000109022,50.0,DARK,33
0.01163434,-0.000114898,50.0,DARK,34
0.006067078,-0.000120806,50.0,DARK,35
0.006640883,-0.000126569,50.0,DARK,36
0.018329843,-0.000132561,50.0,DARK,37
0.023910188,-0.000138198,50.0,DARK,38
0.025468333,-0.000144154,50.0,DARK,39
0.023436892,-0.000150333,50.0,DARK,40
0.032821667,-0.000156033,50.0,DARK,41
0.040263723,-0.000162354,50.0,DARK,42
0.039948393,-0.000168229,50.0,DARK,43
0.037027105,-0.000174641,50.0,DARK,44
0.041903263,-0.000180932,50.0,DARK,45
0.049049017,-0.000187631,50.0,DARK,46
0.053157391,-0.000187631,50.0,DARK,47
0.093923713,-0.000310951,50.0,DARK,48
0.103201962,-0.00033402,50.0,DARK,49
0.107469087,-0.00035949,50.0,DARK,50
0.111125247,-0.000388303,50.0,DARK,51
0.117607327,-0.000420006,50.0,DARK,52
0.121475646,-0.000454975,50.0,DARK,53
0.124278001,-0.000493859,50.0,DARK,54
0.125240344,-0.000536113,50.0,DARK,55
0.138765287,-0.000582304,50.0,DARK,56
0.135313267,-0.000632324,50.0,DARK,57
0.136344152,-0.000683181,50.0,DARK,58
0.140674319,-0.000741104,50.0,DARK,59
0.150918129,-0.000802381,50.0,DARK,60
0.154401295,-0.000867123,50.0,DARK,61
0.156132204,-0.00093837,50.0,DARK,62
0.155345587,-0.001012386,50.0,DARK,63
0.15922519,-0.001088995,50.0,DARK,64
0.163354231,-0.001173391,50.0,DARK,65
0.167763729,-0.00125855,50.0,DARK,66
0.169045625,-0.001344131,50.0,DARK,67
0.170747294,-0.001422409,50.0,DARK,68
0.169628853,-0.001515961,50.0,DARK,69
0.175615964,-0.001614281,50.0,DARK,70
0.179586005,-0.001710412,50.0,DARK,71
0.178834182,-0.001805377,50.0,DARK,72
0.184946312,-0.001805377,50.0,DARK,73
0.231898206,-0.00540238,50.0,DARK,74
0.239953837,-0.005861804,50.0,DARK,75
0.24172097,-0.006318388,50.0,DARK,76
0.243055371,-0.006802796,50.0,DARK,77
0.249892909,-0.007318473,50.0,DARK,78
0.254502971,-0.007858913,50.0,DARK,79
0.256244126,-0.008385464,50.0,DARK,80
0.258058041,-0.008940278,50.0,DARK,81
0.269894094,-0.009512219,50.0,DARK,82
0.271194759,-0.010085896,50.0,DARK,83
0.268005534,-0.010676653,50.0,DARK,84
0.272988466,-0.011314947,50.0,DARK,85
0.281605514,-0.011961164,50.0,DARK,86
0.279816961,-0.012629454,50.0,DARK,87
0.28166483,-0.013285531,50.0,DARK,88
0.283696814,-0.013940617,50.0,DARK,89
0.298359575,-0.014608012,50.0,DARK,90
0.296341162,-0.015288275,50.0,DARK,91
0.299917906,-0.015984244,50.0,DARK,92
0.295249525,-0.016707912,50.0,DARK,93
0.31116339,-0.017424664,50.0,DARK,94
0.310974798,-0.018151405,50.0,DARK,95
0.311725666,-0.018904968,50.0,DARK,96
0.309957226,-0.018904968,50.0,DARK,97
0.370921244,-0.031167852,50.0,DARK,98
0.374284644,-0.032551517,50.0,DARK,99
0.382496911,-0.034002194,50.0,DARK,100
0.380518581,-0.035427618,50.0,DARK,101
0.391324037,-0.036949236,50.0,DARK,102
0.399846202,-0.038428734,50.0,DARK,103
0.396169879,-0.039986877,50.0,DARK,104
0.408395413,-0.041549915,50.0,DARK,105
0.413394441,-0.043155657,50.0,DARK,106
0.414933388,-0.044733631,50.0,DARK,107
0.427361313,-0.046346654,50.0,DARK,108
0.425107629,-0.047970517,50.0,DARK,109
0.427081456,-0.049681524,50.0,DARK,110
0.440899944,-0.051359363,50.0,DARK,111
0.443741837,-0.053092337,50.0,DARK,112
0.444727952,-0.054784098,50.0,DARK,113
0.45466984,-0.056549328,50.0,DARK,114
0.454736378,-0.058289929,50.0,DARK,115
0.461084147,-0.060032529,50.0,DARK,116
0.468826291,-0.06186642,50.0,DARK,117
0.469197706,-0.063713489,50.0,DARK,118
0.475723817,-0.065536174,50.0,DARK,119
0.483850141,-0.067341297,50.0,DARK,120
0.483447408,-0.069239682,50.0,DARK,121
-0.183043222,0.09301291,50.0,LIGHT,0
-0.178850359,0.094583504,50.0,LIGHT,1
-0.175849316,0.094481644,50.0,LIGHT,2
-0.162570266,0.09406928,50.0,LIGHT,3
-0.159890103,0.094451182,50.0,LIGHT,4
-0.157898334,0.093712806,50.0,LIGHT,5
-0.143928191,0.095492477,50.0,LIGHT,6
-0.136843413,0.094610918,50.0,LIGHT,7
-0.125640691,0.093242915,50.0,LIGHT,8
-0.117199096,0.093370969,50.0,LIGHT,9
-0.116370825,0.093514529,50.0,LIGHT,10
-0.102866828,0.093291946,50.0,LIGHT,11
-0.095840012,0.093019422,50.0,LIGHT,12
-0.093165153,0.092822499,50.0,LIGHT,13
-0.08309954,0.092548595,50.0,LIGHT,14
-0.081479243,0.092506505,50.0,LIGHT,15
-0.068569548,0.092246616,50.0,LIGHT,16
-0.062881634,0.09140448,50.0,LIGHT,17
-0.057450026,0.091941138,50.0,LIGHT,18
-0.050854013,0.09166081,50.0,LIGHT,19
-0.037413243,0.091327921,50.0,LIGHT,20
-0.042485848,0.091201976,50.0,LIGHT,21
-0.020094462,0.091237818,50.0,LIGHT,22
-0.018859095,0.090319859,50.0,LIGHT,23
-0.01537114,0.090018705,50.0,LIGHT,24
-0.001078132,0.090318899,50.0,LIGHT,25
-0.002145291,0.090447935,50.0,LIGHT,26
0.012449431,0.089908714,50.0,LIGHT,27
0.020586033,0.090032565,50.0,LIGHT,28
0.026302406,0.089275929,50.0,LIGHT,29
0.033892759,0.088946754,50.0,LIGHT,30
0.044694785,0.088553173,50.0,LIGHT,31
0.045492489,0.088570095,50.0,LIGHT,32
0.061672119,0.087974818,50.0,LIGHT,33
0.063851074,0.087712019,50.0,LIGHT,34
0.068132264,0.087667289,50.0,LIGHT,35
0.087443182,0.086902042,50.0,LIGHT,36
0.079570426,0.086343018,50.0,LIGHT,37
0.091592805,0.086202422,50.0,LIGHT,38
0.103257581,0.085183762,50.0,LIGHT,39
0.10328403,0.084818437,50.0,LIGHT,40
0.11290172,0.083626417,50.0,LIGHT,41
0.120915258,0.08331165,50.0,LIGHT,42
0.128583925,0.082572441,50.0,LIGHT,43
0.140134429,0.081438085,50.0,LIGHT,44
0.150631169,0.08012836,50.0,LIGHT,45
0.146729009,0.079386025,50.0,LIGHT,46
0.166235254,0.078116613,50.0,LIGHT,47
0.170705445,0.076109546,50.0,LIGHT,48
0.169414312,0.075590212,50.0,LIGHT,49
0.191341176,0.074087932,50.0,LIGHT,50
0.190839047,0.073441819,50.0,LIGHT,51
0.195276426,0.071990677,50.0,LIGHT,52
0.211592741,0.069886563,50.0,LIGHT,53
0.209217562,0.068332502,50.0,LIGHT,54
0.225825998,0.066062161,50.0,LIGHT,55
0.225165581,0.064335333,50.0,LIGHT,56
0.232484852,0.062800594,50.0,LIGHT,57
0.243528311,0.05961114,50.0,LIGHT,58
0.253149889,0.057899491,50.0,LIGHT,59
0.255150672,0.055260096,50.0,LIGHT,60
0.265036014,0.052472414,50.0,LIGHT,61
0.264706402,0.052410049,50.0,LIGHT,62
0.311118739,0.031795727,50.0,LIGHT,63
0.314742205,0.030217002,50.0,LIGHT,64
0.319610087,0.027781408,50.0,LIGHT,65
0.333851313,0.024127029,50.0,LIGHT,66
0.327909141,0.02268558,50.0,LIGHT,67
0.328113932,0.020874018,50.0,LIGHT,68
0.339005958,0.018904582,50.0,LIGHT,69
0.344821871,0.015264382,50.0,LIGHT,70
0.347878512,0.013102368,50.0,LIGHT,71
0.356379889,0.011597864,50.0,LIGHT,72
0.35193617,0.009619894,50.0,LIGHT,73
0.358784248,0.006242699,50.0,LIGHT,74
0.370041141,0.004827681,50.0,LIGHT,75
0.368382485,0.004701013,50.0,LIGHT,76
0.369496948,0.000735229,50.0,LIGHT,77
0.366308405,0.00062466,50.0,LIGHT,78
0.368781079,0.000548212,50.0,LIGHT,79
0.375280839,0.000532224,50.0,LIGHT,80
0.372742675,0.000385401,50.0,LIGHT,81
0.367683273,0.00036211,50.0,LIGHT,82
0.366474628,0.000305185,50.0,LIGHT,83
0.369585831,0.00035406,50.0,LIGHT,84
0.36853483,0.000316783,50.0,LIGHT,85
0.374125285,0.0002084,50.0,LIGHT,86
0.380821275,-0.005385441,50.0,LIGHT,87
0.381421791,-0.005771883,50.0,LIGHT,88
0.383351437,-0.006107676,50.0,LIGHT,89
0.432397366,-0.033786698,50.0,LIGHT,90
0.437493062,-0.035649915,50.0,LIGHT,91
0.43956209,-0.038128554,50.0,LIGHT,92
0.447190712,-0.042575723,50.0,LIGHT,93
0.450365422,-0.044965118,50.0,LIGHT,94
0.458731683,-0.047057629,50.0,LIGHT,95
0.457581659,-0.04878519,50.0,LIGHT,96
0.464473162,-0.052070126,50.0,LIGHT,97
0.475684455,-0.056326045,50.0,LIGHT,98
0.469571249,-0.05852881,50.0,LIGHT,99
0.472838269,-0.058549758,50.0,LIGHT,100
0.558692235,-0.108542597,50.0,LIGHT,101
0.556112159,-0.111833652,50.0,LIGHT,102
0.568533748,-0.117378899,50.0,LIGHT,103
0.57294581,-0.123784132,50.0,LIGHT,104
0.57395761,-0.127454985,50.0,LIGHT,105
0.586940121,-0.133398277,50.0,LIGHT,106
0.595627259,-0.139795845,50.0,LIGHT,107
0.598759593,-0.143739035,50.0,LIGHT,108
0.606181286,-0.149899145,50.0,LIGHT,109
0.615644885,-0.156128293,50.0,LIGHT,110
0.623083635,-0.160189747,50.0,LIGHT,111
0.633844713,-0.167489718,50.0,LIGHT,112
0.637573096,-0.173391916,50.0,LIGHT,113
0.637267845,-0.177475463,50.0,LIGHT,114
0.653707911,-0.18527592,50.0,LIGHT,115
0.654584315,-0.191179226,50.0,LIGHT,116
0.655165875,-0.195418564,50.0,LIGHT,117
0.677152429,-0.203509237,50.0,LIGHT,118
0.676884399,-0.20975091,50.0,LIGHT,119
0.677344397,-0.214366962,50.0,LIGHT,120
0.695112553,-0.223692257,50.0,LIGHT,121
-0.226386083,0.000177488,70.0,DARK,0
-0.186078048,0.000171695,70.0,DARK,1
-0.178408193,0.000163941,70.0,DARK,2
-0.16747233,0.000155271,70.0,DARK,3
-0.159054559,0.000146976,70.0,DARK,4
-0.160822326,0.000139417,70.0,DARK,5
-0.158169448,0.000131101,70.0,DARK,6
-0.143438925,0.000122951,70.0,DARK,7
-0.143366342,0.000115009,70.0,DARK,8
-0.138586064,0.00010696,70.0,DARK,9
-0.12131358,9.88188e-05,70.0,DARK,10
-0.116936151,9.05471e-05,70.0,DARK,11
-0.120354708,8.29444e-05,70.0,DARK,12
-0.105913106,7.42603e-05,70.0,DARK,13
-0.098340995,6.58286e-05,70.0,DARK,14
-0.097168787,5.74883e-05,70.0,DARK,15
-0.093901107,4.95143e-05,70.0,DARK,16
-0.078251578,4.12992e-05,70.0,DARK,17
-0.072050218,3.34691e-05,70.0,DARK,18
-0.070558846,3.34691e-05,70.0,DARK,19
-0.044353564,6.44911e-06,70.0,DARK,20
-0.05555611,-6.25389e-06,70.0,DARK,21
-0.079357114,-1.92253e-05,70.0,DARK,22
-0.078072757,-2.27888e-05,70.0,DARK,23
-0.081384925,-2.58872e-05,70.0,DARK,24
-0.079059838,-2.92129e-05,70.0,DARK,25
-0.075720886,-3.22722e-05,70.0,DARK,26
-0.07805624,-3.22722e-05,70.0,DARK,27
-0.029433009,-0.00010272,70.0,DARK,28
-0.012174234,-0.000110369,70.0,DARK,29
-0.008121708,-0.000118715,70.0,DARK,30
-0.009589104,-0.000127208,70.0,DARK,31
0.008118364,-0.000135746,70.0,DARK,32
0.009391438,-0.000144066,70.0,DARK,33
0.012303255,-0.000152513,70.0,DARK,34
0.01841934,-0.000161256,70.0,DARK,35
0.032154577,-0.00017003,70.0,DARK,36
0.032350235,-0.00017935,70.0,DARK,37
0.033049833,-0.000188476,70.0,DARK,38
0.046065441,-0.000198006,70.0,DARK,39
0.051397913,-0.000207534,70.0,DARK,40
0.054331383,-0.000217318,70.0,DARK,41
0.058571254,-0.000228039,70.0,DARK,42
0.071727401,-0.00023881,70.0,DARK,43
0.078676227,-0.000250541,70.0,DARK,44
0.077828914,-0.000262332,70.0,DARK,45
0.084182684,-0.000274818,70.0,DARK,46
0.094248276,-0.000287646,70.0,DARK,47
0.098155115,-0.000301728,70.0,DARK,48
0.10016086,-0.000316032,70.0,DARK,49
0.099271404,-0.00033047,70.0,DARK,50
0.108264022,-0.000347168,70.0,DARK,51
0.120230233,-0.000363564,70.0,DARK,52
0.116334376,-0.000381458,70.0,DARK,53
0.120103072,-0.000399137,70.0,DARK,54
0.12664987,-0.000418653,70.0,DARK,55
0.132270995,-0.000437875,70.0,DARK,56
0.13792349,-0.000437875,70.0,DARK,57
0.203018598,-0.000961616,70.0,DARK,58
0.207461917,-0.001040921,70.0,DARK,59
0.227302205,-0.001125434,70.0,DARK,60
0.228288341,-0.001211387,70.0,DARK,61
0.23101024,-0.001303526,70.0,DARK,62
0.239682648,-0.001401596,70.0,DARK,63
0.250769693,-0.001499911,70.0,DARK,64
0.249754026,-0.001601342,70.0,DARK,65
0.249155351,-0.001707695,70.0,DARK,66
0.264382934,-0.001816437,70.0,DARK,67
0.269877934,-0.001928312,70.0,DARK,68
0.271527477,-0.002043822,70.0,DARK,69
0.271217701,-0.002159836,70.0,DARK,70
0.289250393,-0.002279305,70.0,DARK,71
0.28921016,-0.002404452,70.0,DARK,72
0.295201955,-0.002530565,70.0,DARK,73
0.294120826,-0.002653469,70.0,DARK,74
0.311566866,-0.002777523,70.0,DARK,75
0.310198624,-0.002909383,70.0,DARK,76
0.313721686,-0.003038651,70.0,DARK,77
0.319791122,-0.003170835,70.0,DARK,78
0.329539559,-0.003296859,70.0,DARK,79
0.332579804,-0.003437021,70.0,DARK,80
0.337301577,-0.003574896,70.0,DARK,81
0.33695512,-0.003714909,70.0,DARK,82
0.350391365,-0.003850971,70.0,DARK,83
0.359420685,-0.003990657,70.0,DARK,84
0.358864318,-0.004132811,70.0,DARK,85
0.36229214,-0.00427373,70.0,DARK,86
0.371417195,-0.00441689,70.0,DARK,87
0.377953523,-0.00441689,70.0,DARK,88
0.464700952,-0.006960299,70.0,DARK,89
0.466417001,-0.007201675,70.0,DARK,90
0.473935959,-0.007458536,70.0,DARK,91
0.486307466,-0.007699835,70.0,DARK,92
0.487082204,-0.007952323,70.0,DARK,93
0.498053207,-0.008207547,70.0,DARK,94
0.505025233,-0.008469076,70.0,DARK,95
0.512301819,-0.008713142,70.0,DARK,96
0.519146024,-0.008977103,70.0,DARK,97
0.532862474,-0.009246319,70.0,DARK,98
0.534955935,-0.009490535,70.0,DARK,99
0.545100351,-0.00974384,70.0,DARK,100
0.553557872,-0.010007176,70.0,DARK,101
0.553605704,-0.010294556,70.0,DARK,102
0.566963818,-0.010547739,70.0,DARK,103
0.571580768,-0.010815894,70.0,DARK,104
0.579051062,-0.011069806,70.0,DARK,105
0.594875559,-0.011335346,70.0,DARK,106
0.592367564,-0.011616978,70.0,DARK,107
0.600850541,-0.011893116,70.0,DARK,108
0.61708329,-0.012162976,70.0,DARK,109
0.61688433,-0.012450876,70.0,DARK,110
0.62328473,-0.01272452,70.0,DARK,111
0.63600729,-0.01300008,70.0,DARK,112
0.635332638,-0.013269869,70.0,DARK,113
0.647557321,-0.013554223,70.0,DARK,114
0.655928639,-0.01384151,70.0,DARK,115
0.658383419,-0.014120772,70.0,DARK,116
0.674487773,-0.014392073,70.0,DARK,117
0.684045461,-0.014684235,70.0,DARK,118
0.682182007,-0.014964298,70.0,DARK,119
0.69514487,-0.015244058,70.0,DARK,120
0.703269805,-0.015517763,70.0,DARK,121
-0.19217945,0.033698689,70.0,LIGHT,0
-0.186582937,0.033397569,70.0,LIGHT,1
-0.172784691,0.032865602,70.0,LIGHT,2
-0.171394281,0.032515588,70.0,LIGHT,3
-0.168304898,0.032217635,70.0,LIGHT,4
-0.150560726,0.031678119,70.0,LIGHT,5
-0.147851043,0.03132103,70.0,LIGHT,6
-0.14488791,0.031017388,70.0,LIGHT,7
-0.130393137,0.030452112,70.0,LIGHT,8
-0.128712485,0.030130378,70.0,LIGHT,9
-0.120641618,0.029819641,70.0,LIGHT,10
-0.10710595,0.029235561,70.0,LIGHT,11
-0.102660079,0.028905779,70.0,LIGHT,12
-0.097758789,0.028581781,70.0,LIGHT,13
-0.081779297,0.027989904,70.0,LIGHT,14
-0.085467302,0.02769103,70.0,LIGHT,15
-0.0770161,0.027347548,70.0,LIGHT,16
-0.060975968,0.026749976,70.0,LIGHT,17
-0.059655812,0.026462174,70.0,LIGHT,18
-0.052370446,0.026098352,70.0,LIGHT,19
-0.042758871,0.025520434,70.0,LIGHT,20
-0.039578012,0.025230078,70.0,LIGHT,21
-0.036551058,0.024882092,70.0,LIGHT,22
-0.020046996,0.02428025,70.0,LIGHT,23
-0.016965549,0.024007153,70.0,LIGHT,24
-0.006436833,0.023560243,70.0,LIGHT,25
0.001205,0.023036317,70.0,LIGHT,26
0.007408973,0.02278338,70.0,LIGHT,27
0.009728823,0.022356551,70.0,LIGHT,28
0.023517858,0.021849203,70.0,LIGHT,29
0.024654576,0.021550704,70.0,LIGHT,30
0.03196893,0.021131135,70.0,LIGHT,31
0.049093055,0.020605243,70.0,LIGHT,32
0.047940399,0.02032852,70.0,LIGHT,33
0.053974991,0.019922013,70.0,LIGHT,34
0.069971554,0.019411905,70.0,LIGHT,35
0.068887533,0.019126449,70.0,LIGHT,36
0.073481351,0.018701592,70.0,LIGHT,37
0.086743733,0.018183319,70.0,LIGHT,38
0.092646344,0.017917238,70.0,LIGHT,39
0.097991394,0.017554705,70.0,LIGHT,40
0.108845295,0.017008951,70.0,LIGHT,41
0.111115772,0.016699478,70.0,LIGHT,42
0.117361363,0.016324356,70.0,LIGHT,43
0.132487088,0.015780304,70.0,LIGHT,44
0.131078406,0.015499034,70.0,LIGHT,45
0.138019249,0.015103728,70.0,LIGHT,46
0.153986934,0.014569935,70.0,LIGHT,47
0.155765377,0.014270135,70.0,LIGHT,48
0.165671653,0.013858236,70.0,LIGHT,49
0.175282353,0.013336443,70.0,LIGHT,50
0.178512831,0.013048952,70.0,LIGHT,51
0.190831713,0.01257621,70.0,LIGHT,52
0.201000216,0.012083974,70.0,LIGHT,53
0.196605522,0.011811923,70.0,LIGHT,54
0.206706241,0.011341498,70.0,LIGHT,55
0.220048321,0.01085733,70.0,LIGHT,56
0.219028676,0.010549836,70.0,LIGHT,57
0.229512576,0.010046816,70.0,LIGHT,58
0.241789301,0.009596322,70.0,LIGHT,59
0.245683886,0.009289184,70.0,LIGHT,60
0.254006704,0.008767901,70.0,LIGHT,61
0.262888633,0.008338546,70.0,LIGHT,62
0.261592148,0.008039365,70.0,LIGHT,63
0.276113637,0.007483495,70.0,LIGHT,64
0.288376868,0.007093094,70.0,LIGHT,65
0.284275836,0.006761039,70.0,LIGHT,66
0.299273748,0.006208171,70.0,LIGHT,67
0.304229577,0.005824062,70.0,LIGHT,68
0.309311669,0.005508734,70.0,LIGHT,69
0.324593798,0.005220427,70.0,LIGHT,70
0.352082022,0.002670777,70.0,LIGHT,71
0.357013585,0.00240042,70.0,LIGHT,72
0.367889127,0.001973264,70.0,LIGHT,73
0.371088849,0.001740956,70.0,LIGHT,74
0.373713889,0.001575514,70.0,LIGHT,75
0.370469112,0.001398775,70.0,LIGHT,76
0.381506402,0.001123934,70.0,LIGHT,77
0.39117271,0.000723158,70.0,LIGHT,78
0.39391139,0.000511681,70.0,LIGHT,79
0.392966675,0.000501383,70.0,LIGHT,80
0.394324006,7.17028e-05,70.0,LIGHT,81
0.393397033,3.54505e-05,70.0,LIGHT,82
0.394933047,4.03874e-07,70.0,LIGHT,83
0.391806905,-3.35065e-05,70.0,LIGHT,84
0.397373903,-8.18901e-05,70.0,LIGHT,85
0.393782966,-0.000123515,70.0,LIGHT,86
0.392702915,-0.000180379,70.0,LIGHT,87
0.398866659,-0.00023307,70.0,LIGHT,88
0.401135289,-0.000282898,70.0,LIGHT,89
0.398773467,-0.000372714,70.0,LIGHT,90
0.401510889,-0.000444304,70.0,LIGHT,91
0.408072769,-0.000485158,70.0,LIGHT,92
0.456906414,-0.003016947,70.0,LIGHT,93
0.455968099,-0.003179421,70.0,LIGHT,94
0.456463122,-0.00336766,70.0,LIGHT,95
0.465997861,-0.003623341,70.0,LIGHT,96
0.473507115,-0.0040041,70.0,LIGHT,97
0.480283993,-0.004228716,70.0,LIGHT,98
0.477084307,-0.004403694,70.0,LIGHT,99
0.482166577,-0.004580733,70.0,LIGHT,100
0.486580685,-0.00487256,70.0,LIGHT,101
0.496298753,-0.005221537,70.0,LIGHT,102
0.49860531,-0.005429328,70.0,LIGHT,103
0.504104647,-0.0056019,70.0,LIGHT,104
0.501810854,-0.005796656,70.0,LIGHT,105
0.515171646,-0.005947248,70.0,LIGHT,106
0.593122402,-0.010256313,70.0,LIGHT,107
0.606618667,-0.010796889,70.0,LIGHT,108
0.612399156,-0.011148787,70.0,LIGHT,109
0.615682386,-0.011509181,70.0,LIGHT,110
0.626371225,-0.012055782,70.0,LIGHT,111
0.630781272,-0.012370515,70.0,LIGHT,112
0.634307676,-0.012765678,70.0,LIGHT,113
0.647966742,-0.013310202,70.0,LIGHT,114
0.649463664,-0.013625015,70.0,LIGHT,115
0.657388357,-0.014044274,70.0,LIGHT,116
0.67601578,-0.014616461,70.0,LIGHT,117
0.675829219,-0.0149186,70.0,LIGHT,118
0.680263184,-0.015379415,70.0,LIGHT,119
0.69200815,-0.015957316,70.0,LIGHT,120
0.699631604,-0.016287472,70.0,LIGHT,121
